{
    "keyboard_name": "AlickKK",
    "manufacturer": "MWStudio",
    "url": "",
    "maintainer": "F1hone",
    "usb": {
        "vid": "0x7BA1",
        "pid": "0x3202",
        "device_version": "0.0.1"
    },
    "layouts": {
        "LAYOUT": {
            "layout": [
                {
                    "label": "00,0",
                    "x": 0,
                    "y": 0
                },
                {
                    "label": "00,2",
                    "x": 2,
                    "y": 0
                },
                {
                    "label": "00,3",
                    "x": 3,
                    "y": 0
                },
                {
                    "label": "00,4",
                    "x": 4,
                    "y": 0
                },
                {
                    "label": "00,5",
                    "x": 5,
                    "y": 0
                },
                {
                    "label": "00,6",
                    "x": 6.5,
                    "y": 0
                },
                {
                    "label": "00,7",
                    "x": 7.5,
                    "y": 0
                },
                {
                    "label": "00,8",
                    "x": 8.5,
                    "y": 0
                },
                {
                    "label": "00,9",
                    "x": 9.5,
                    "y": 0
                },
                {
                    "label": "11,9",
                    "x": 11,
                    "y": 0
                },
                {
                    "label": "11,8",
                    "x": 12,
                    "y": 0
                },
                {
                    "label": "11,7",
                    "x": 13,
                    "y": 0
                },
                {
                    "label": "11,6",
                    "x": 14,
                    "y": 0
                },
                {
                    "label": "11,5",
                    "x": 15.5,
                    "y": 0
                },
                {
                    "label": "11,4",
                    "x": 16.5,
                    "y": 0
                },
                {
                    "label": "11,3",
                    "x": 17.5,
                    "y": 0
                },
                {
                    "label": "08,3",
                    "x": 19.25,
                    "y": 0
                },
                {
                    "label": "08,4",
                    "x": 20.5,
                    "y": 0
                },
                {
                    "label": "08,5",
                    "x": 21.75,
                    "y": 0
                },
                {
                    "label": "01,0",
                    "x": 0,
                    "y": 2
                },
                {
                    "label": "01,1",
                    "x": 1,
                    "y": 2
                },
                {
                    "label": "01,2",
                    "x": 2,
                    "y": 2
                },
                {
                    "label": "01,3",
                    "x": 3,
                    "y": 2
                },
                {
                    "label": "01,4",
                    "x": 4,
                    "y": 2
                },
                {
                    "label": "01,5",
                    "x": 5,
                    "y": 2
                },
                {
                    "label": "01,6",
                    "x": 6,
                    "y": 2
                },
                {
                    "label": "01,7",
                    "x": 7,
                    "y": 2
                },
                {
                    "label": "01,8",
                    "x": 8,
                    "y": 2
                },
                {
                    "label": "01,9",
                    "x": 9,
                    "y": 2
                },
                {
                    "label": "10,9",
                    "x": 10,
                    "y": 2
                },
                {
                    "label": "10,8",
                    "x": 11,
                    "y": 2
                },
                {
                    "label": "10,7",
                    "x": 12,
                    "y": 2
                },
                {
                    "label": "10,6",
                    "x": 13,
                    "y": 2,
                    "w": 2
                },
                {
                    "label": "10,5",
                    "x": 15.5,
                    "y": 2
                },
                {
                    "label": "10,4",
                    "x": 16.5,
                    "y": 2
                },
                {
                    "label": "10,3",
                    "x": 17.5,
                    "y": 2
                },
                {
                    "label": "11,2",
                    "x": 19,
                    "y": 2
                },
                {
                    "label": "11,1",
                    "x": 20,
                    "y": 2
                },
                {
                    "label": "11,0",
                    "x": 21,
                    "y": 2
                },
                {
                    "label": "06,0",
                    "x": 22,
                    "y": 2
                },
                {
                    "label": "02,0",
                    "x": 0,
                    "y": 3,
                    "w": 1.5
                },
                {
                    "label": "02,1",
                    "x": 1.5,
                    "y": 3
                },
                {
                    "label": "02,2",
                    "x": 2.5,
                    "y": 3
                },
                {
                    "label": "02,3",
                    "x": 3.5,
                    "y": 3
                },
                {
                    "label": "02,4",
                    "x": 4.5,
                    "y": 3
                },
                {
                    "label": "02,5",
                    "x": 5.5,
                    "y": 3
                },
                {
                    "label": "02,6",
                    "x": 6.5,
                    "y": 3
                },
                {
                    "label": "02,7",
                    "x": 7.5,
                    "y": 3
                },
                {
                    "label": "02,8",
                    "x": 8.5,
                    "y": 3
                },
                {
                    "label": "02,9",
                    "x": 9.5,
                    "y": 3
                },
                {
                    "label": "09,9",
                    "x": 10.5,
                    "y": 3
                },
                {
                    "label": "09,8",
                    "x": 11.5,
                    "y": 3
                },
                {
                    "label": "09,7",
                    "x": 12.5,
                    "y": 3
                },
                {
                    "label": "09,6",
                    "x": 13.5,
                    "y": 3,
                    "w": 1.5
                },
                {
                    "label": "09,5",
                    "x": 15.5,
                    "y": 3
                },
                {
                    "label": "09,4",
                    "x": 16.5,
                    "y": 3
                },
                {
                    "label": "09,3",
                    "x": 17.5,
                    "y": 3
                },
                {
                    "label": "10,2",
                    "x": 19,
                    "y": 3
                },
                {
                    "label": "10,1",
                    "x": 20,
                    "y": 3
                },
                {
                    "label": "10,0",
                    "x": 21,
                    "y": 3
                },
                {
                    "label": "07,0",
                    "x": 22,
                    "y": 3,
                    "h": 2
                },
                {
                    "label": "03,0",
                    "x": 0,
                    "y": 4,
                    "w": 1.75
                },
                {
                    "label": "03,1",
                    "x": 1.75,
                    "y": 4
                },
                {
                    "label": "03,2",
                    "x": 2.75,
                    "y": 4
                },
                {
                    "label": "03,3",
                    "x": 3.75,
                    "y": 4
                },
                {
                    "label": "03,4",
                    "x": 4.75,
                    "y": 4
                },
                {
                    "label": "03,5",
                    "x": 5.75,
                    "y": 4
                },
                {
                    "label": "03,6",
                    "x": 6.75,
                    "y": 4
                },
                {
                    "label": "03,7",
                    "x": 7.75,
                    "y": 4
                },
                {
                    "label": "03,8",
                    "x": 8.75,
                    "y": 4
                },
                {
                    "label": "03,9",
                    "x": 9.75,
                    "y": 4
                },
                {
                    "label": "08,9",
                    "x": 10.75,
                    "y": 4
                },
                {
                    "label": "08,8",
                    "x": 11.75,
                    "y": 4
                },
                {
                    "label": "08,6",
                    "x": 12.75,
                    "y": 4,
                    "w": 2.25
                },
                {
                    "label": "09,2",
                    "x": 19,
                    "y": 4
                },
                {
                    "label": "09,1",
                    "x": 20,
                    "y": 4
                },
                {
                    "label": "09,0",
                    "x": 21,
                    "y": 4
                },
                {
                    "label": "04,0",
                    "x": 0,
                    "y": 5,
                    "w": 2.25
                },
                {
                    "label": "04,1",
                    "x": 2.25,
                    "y": 5
                },
                {
                    "label": "04,2",
                    "x": 3.25,
                    "y": 5
                },
                {
                    "label": "04,3",
                    "x": 4.25,
                    "y": 5
                },
                {
                    "label": "04,4",
                    "x": 5.25,
                    "y": 5
                },
                {
                    "label": "04,5",
                    "x": 6.25,
                    "y": 5
                },
                {
                    "label": "04,6",
                    "x": 7.25,
                    "y": 5
                },
                {
                    "label": "04,7",
                    "x": 8.25,
                    "y": 5
                },
                {
                    "label": "04,8",
                    "x": 9.25,
                    "y": 5
                },
                {
                    "label": "04,9",
                    "x": 10.25,
                    "y": 5
                },
                {
                    "label": "07,9",
                    "x": 11.25,
                    "y": 5
                },
                {
                    "label": "07,6",
                    "x": 12.25,
                    "y": 5,
                    "w": 2.75
                },
                {
                    "label": "07,4",
                    "x": 16.5,
                    "y": 5
                },
                {
                    "label": "08,2",
                    "x": 19,
                    "y": 5
                },
                {
                    "label": "08,1",
                    "x": 20,
                    "y": 5
                },
                {
                    "label": "08,0",
                    "x": 21,
                    "y": 5
                },
                {
                    "label": "06,1",
                    "x": 22,
                    "y": 5,
                    "h": 2
                },
                {
                    "label": "05,0",
                    "x": 0,
                    "y": 6,
                    "w": 1.25
                },
                {
                    "label": "05,1",
                    "x": 1.25,
                    "y": 6,
                    "w": 1.25
                },
                {
                    "label": "05,2",
                    "x": 2.5,
                    "y": 6,
                    "w": 1.25
                },
                {
                    "label": "05,5",
                    "x": 3.75,
                    "y": 6,
                    "w": 6.25
                },
                {
                    "label": "05,8",
                    "x": 10,
                    "y": 6,
                    "w": 1.25
                },
                {
                    "label": "05,9",
                    "x": 11.25,
                    "y": 6,
                    "w": 1.25
                },
                {
                    "label": "06,8",
                    "x": 12.5,
                    "y": 6,
                    "w": 1.25
                },
                {
                    "label": "06,6",
                    "x": 13.75,
                    "y": 6,
                    "w": 1.25
                },
                {
                    "label": "06,5",
                    "x": 15.5,
                    "y": 6
                },
                {
                    "label": "06,4",
                    "x": 16.5,
                    "y": 6
                },
                {
                    "label": "06,3",
                    "x": 17.5,
                    "y": 6
                },
                {
                    "label": "07,2",
                    "x": 19,
                    "y": 6,
                    "w": 2
                },
                {
                    "label": "07,1",
                    "x": 21,
                    "y": 6
                }
            ]
        }
    }
}
