{
    "name": "AliceKK",
    "vendorId": "0x7BA1",
    "productId": "0x3202",
    "keycodes": ["qmk_lighting"],
    "menus": ["qmk_rgb_matrix"],
    "matrix": {"rows": 12, "cols": 10},
    "layouts": {
      "keymap": [
        [
            {
              "c": "#777777"
            },
            "0,0",
            {
              "x": 1,
              "c": "#cccccc"
            },
            "0,2",
            "0,3",
            "0,4",
            "0,5",
            {
              "x": 0.5,
              "c": "#aaaaaa"
            },
            "0,6",
            "0,7",
            "0,8",
            "0,9",
            {
              "x": 0.5,
              "c": "#cccccc"
            },
            "11,9",
            "11,8",
            "11,7",
            "11,6",
            {
              "x": 0.5
            },
            "11,5",
            "11,4",
            "11,3",
            {
              "x": 0.75, "d": true
            },
            "8,3",
            {
              "x": 0.25, "d": true
            },
            "8,4",
            {
              "x": 0.25, "d": true
            },
            "8,5"
          ],
          [
            {
              "y": 1
            },
            "1,0",
            "1,1",
            "1,2",
            "1,3",
            "1,4",
            "1,5",
            "1,6",
            "1,7",
            "1,8",
            "1,9",
            "10,9",
            "10,8",
            "10,7",
            {
              "c": "#aaaaaa",
              "w": 2
            },
            "10,6",
            {
              "x": 0.5,
              "c": "#cccccc"
            },
            "10,5",
            "10,4",
            "10,3",
            {
              "x": 0.5
            },
            "11,2",
            "11,1",
            "11,0",
            "6,0"
          ],
          [
            {
              "c": "#aaaaaa",
              "w": 1.5
            },
            "2,0",
            {
              "c": "#cccccc"
            },
            "2,1",
            "2,2",
            "2,3",
            "2,4",
            "2,5",
            "2,6",
            "2,7",
            "2,8",
            "2,9",
            "9,9",
            "9,8",
            "9,7",
            {
              "w": 1.5
            },
            "9,6",
            {
              "x": 0.5
            },
            "9,5",
            "9,4",
            "9,3",
            {
              "x": 0.5
            },
            "10,2",
            "10,1",
            "10,0",
            {
              "h": 2
            },
            "7,0"
          ],
          [
            {
              "c": "#aaaaaa",
              "w": 1.75
            },
            "3,0",
            {
              "c": "#cccccc"
            },
            "3,1",
            "3,2",
            "3,3",
            "3,4",
            "3,5",
            "3,6",
            "3,7",
            "3,8",
            "3,9",
            "8,9",
            "8,8",
            {
              "c": "#777777",
              "w": 2.25
            },
            "8,6",
            {
              "x": 4,
              "c": "#cccccc"
            },
            "9,2",
            "9,1",
            "9,0"
          ],
          [
            {
              "c": "#aaaaaa",
              "w": 2.25
            },
            "4,0",
            {
              "c": "#cccccc"
            },
            "4,1",
            "4,2",
            "4,3",
            "4,4",
            "4,5",
            "4,6",
            "4,7",
            "4,8",
            "4,9",
            "7,9",
            {
              "c": "#aaaaaa",
              "w": 2.75
            },
            "7,6",
            {
              "x": 1.5,
              "c": "#cccccc"
            },
            "7,4",
            {
              "x": 1.5
            },
            "8,2",
            "8,1",
            "8,0",
            {
              "c": "#777777",
              "h": 2
            },
            "6,1"
          ],
          [
            {
              "c": "#aaaaaa",
              "w": 1.25
            },
            "5,0",
            {
              "w": 1.25
            },
            "5,1",
            {
              "w": 1.25
            },
            "5,2",
            {
              "c": "#777777",
              "w": 6.25
            },
            "5,5",
            {
              "c": "#aaaaaa",
              "w": 1.25
            },
            "5,8",
            {
              "w": 1.25
            },
            "5,9",
            {
              "w": 1.25
            },
            "6,8",
            {
              "w": 1.25
            },
            "6,6",
            {
              "x": 0.5,
              "c": "#cccccc"
            },
            "6,5",
            "6,4",
            "6,3",
            {
              "x": 0.5,
              "w": 2
            },
            "7,2",
            "7,1"
          ]
      ]
    }
  }


