{
    "keyboard_name": "right5x8",
    "manufacturer": "F1shlab",
    "url": "",
    "maintainer": "F1shlab",
    "usb": {
        "vid": "0x0287",
        "pid": "0x0277",
        "device_version": "1.0.0"
    },
    "processor": "STM32F103",
    "bootloader": "stm32duino",
    "matrix_pins": {
        "rows": ["B2", "B10", "B11", "B9", "B8"],
        "cols": ["A1", "A2", "A3", "A4", "A5", "A7", "B0", "B1"]
    },
    "diode_direction": "COL2ROW",
    "features": {
        "bootmagic": true,
        "mousekey": true,
        "extrakey": true,
        "console": false,
        "command": false,
        "nkro": false,
        "backlight": false,
        "rgblight": false,
        "audio": false,
        "key_lock": false,
        "rgb_matrix": true
    },
    "rgb_matrix": {
        "driver": "WS2812",
        "layout": [

            { "flags": 1, "matrix": [0, 6], "x": 198, "y": 3 },
            { "flags": 1, "matrix": [1, 7], "x": 205, "y": 16 },
            { "flags": 1, "matrix": [2, 7], "x": 195, "y": 29 },
            { "flags": 1, "matrix": [3, 7], "x": 202, "y": 41 },
            { "flags": 1, "matrix": [4, 7], "x": 192, "y": 54 },

            { "flags": 2, "x": 166, "y": 54 },
            { "flags": 2, "x": 141, "y": 54 },
            { "flags": 2, "x": 90, "y": 54 },
            { "flags": 2, "x": 42, "y": 54 },
            { "flags": 2, "x": 13, "y": 41 },
            { "flags": 2, "x": 13, "y": 29 },
            { "flags": 2, "x": 13, "y": 16 },
            { "flags": 2, "x": 32, "y": 3 },
            { "flags": 2, "x": 58, "y": 3 },
            { "flags": 2, "x": 83, "y": 3 },
            { "flags": 2, "x": 109, "y": 3 },
            { "flags": 2, "x": 134, "y": 3 },
            { "flags": 2, "x": 160, "y": 3 },
            { "flags": 2, "x": 198, "y": 3 }
        ]
    },
    "layouts": {
        "LAYOUT": {
            "layout": [
                {"label": "K00 (B0,B5)", "matrix": [0, 0], "x": 0.75, "y": 0},
                {"label": "K01 (B0,B6)", "matrix": [0, 1], "x": 1.75, "y": 0},
                {"label": "K02 (B0,B7)", "matrix": [0, 2], "x": 2.75, "y": 0},
                {"label": "K03 (B0,C0)", "matrix": [0, 3], "x": 3.75, "y": 0},
                {"label": "K04 (B0,C1)", "matrix": [0, 4], "x": 4.75, "y": 0},
                {"label": "K05 (B0,C2)", "matrix": [0, 5], "x": 5.75, "y": 0},
                {"label": "K06 (B0,C3)", "matrix": [0, 6], "x": 6.75, "y": 0, "w": 2},
                {"label": "K10 (B1,B5)", "matrix": [1, 0], "x": 0.25, "y": 1},
                {"label": "K11 (B1,B6)", "matrix": [1, 1], "x": 1.25, "y": 1},
                {"label": "K12 (B1,B7)", "matrix": [1, 2], "x": 2.25, "y": 1},
                {"label": "K13 (B1,C0)", "matrix": [1, 3], "x": 3.25, "y": 1},
                {"label": "K14 (B1,C1)", "matrix": [1, 4], "x": 4.25, "y": 1},
                {"label": "K15 (B1,C2)", "matrix": [1, 5], "x": 5.25, "y": 1},
                {"label": "K16 (B1,C3)", "matrix": [1, 6], "x": 6.25, "y": 1},
                {"label": "K17 (B1,C4)", "matrix": [1, 7], "x": 7.25, "y": 1, "w": 1.5},
                {"label": "K20 (B2,B5)", "matrix": [2, 0], "x": 0.5, "y": 2},
                {"label": "K21 (B2,B6)", "matrix": [2, 1], "x": 1.5, "y": 2},
                {"label": "K22 (B2,B7)", "matrix": [2, 2], "x": 2.5, "y": 2},
                {"label": "K23 (B2,C0)", "matrix": [2, 3], "x": 3.5, "y": 2},
                {"label": "K24 (B2,C1)", "matrix": [2, 4], "x": 4.5, "y": 2},
                {"label": "K25 (B2,C2)", "matrix": [2, 5], "x": 5.5, "y": 2},
                {"label": "K27 (B2,C4)", "matrix": [2, 7], "x": 6.5, "y": 2, "w": 2.25},
                {"label": "K30 (B3,B5)", "matrix": [3, 0], "x": 0, "y": 3},
                {"label": "K31 (B3,B6)", "matrix": [3, 1], "x": 1, "y": 3},
                {"label": "K32 (B3,B7)", "matrix": [3, 2], "x": 2, "y": 3},
                {"label": "K33 (B3,C0)", "matrix": [3, 3], "x": 3, "y": 3},
                {"label": "K34 (B3,C1)", "matrix": [3, 4], "x": 4, "y": 3},
                {"label": "K35 (B3,C2)", "matrix": [3, 5], "x": 5, "y": 3},
                {"label": "K36 (B3,C3)", "matrix": [3, 6], "x": 6, "y": 3},
                {"label": "K37 (B3,C4)", "matrix": [3, 7], "x": 7, "y": 3, "w": 1.75},
                {"label": "K41 (B4,B6)", "matrix": [4, 1], "x": 0.25, "y": 4, "w": 2.75},
                {"label": "K43 (B4,C0)", "matrix": [4, 3], "x": 3, "y": 4},
                {"label": "K45 (B4,C2)", "matrix": [4, 5], "x": 5, "y": 4},
                {"label": "K46 (B4,C3)", "matrix": [4, 6], "x": 6, "y": 4},
                {"label": "K47 (B4,C4)", "matrix": [4, 7], "x": 7, "y": 4}
           ]
        }
    }
}
