{
  "name": "right5x8",
  "vendorId": "0x0287",
  "productId": "0x0277",
  "keycodes": ["qmk_lighting"],
  "menus": ["qmk_rgb_matrix"],
  "matrix": {"rows": 5, "cols": 8},
  "layouts": {
    "keymap": [
        [
            {
              "x": 0.75
            },
            "0,0",
            "0,1",
            "0,2",
            "0,3",
            "0,4",
            "0,5",
            {
              "c": "#aaaaaa",
              "w": 2
            },
            "0,6"
          ],
          [
            {
              "x": 0.25,
              "c": "#cccccc"
            },
            "1,0",
            "1,1",
            "1,2",
            "1,3",
            "1,4",
            "1,5",
            "1,6",
            {
              "w": 1.5
            },
            "1,7"
          ],
          [
            {
              "x": 0.5
            },
            "2,0",
            "2,1",
            "2,2",
            "2,3",
            "2,4",
            "2,5",
            {
              "c": "#777777",
              "w": 2.25
            },
            "2,7"
          ],
          [
            {
              "c": "#cccccc"
            },
            "3,0",
            "3,1",
            "3,2",
            "3,3",
            "3,4",
            "3,5",
            "3,6",
            {
              "c": "#aaaaaa",
              "w": 1.75
            },
            "3,7"
          ],
          [
            {
              "x": 0.25,
              "c": "#777777",
              "w": 2.75
            },
            "4,1",
            {
              "c": "#aaaaaa"
            },
            "4,3",
            {
              "x": 1,
              "c": "#cccccc"
            },
            "4,5",
            "4,6",
            "4,7"
          ]
    ]
  }
}
